v_call	cdr1_aa	cdr2_aa	v_gene	v_allele
TRBV1*01	LGHDS	YNCKEF	TRBV1	01
TRBV10-1*01	WNHNN	SYGVQD	TRBV10-1	01
TRBV10-1*02	WNHNN	SYGVHD	TRBV10-1	02
TRBV10-2*01	WSHSY	SAAADI	TRBV10-2	01
TRBV10-2*02	WSHSY	SAAADI	TRBV10-2	02
TRBV10-3*01	ENHRY	SYGVKD	TRBV10-3	01
TRBV10-3*02	ENHRY	SYGVKD	TRBV10-3	02
TRBV10-3*03	ENHRY	SYGVKD	TRBV10-3	03
TRBV10-3*04	ENHRY	SYGVKD	TRBV10-3	04
TRBV11-1*01	SGHAT	FQDESV	TRBV11-1	01
TRBV11-2*01	SGHAT	FQNNGV	TRBV11-2	01
TRBV11-2*02	SGHAT	FQNNGV	TRBV11-2	02
TRBV11-2*03	SGHAT	FQNNGV	TRBV11-2	03
TRBV11-3*01	SGHNT	YENEEA	TRBV11-3	01
TRBV11-3*02	SGHNT	YENEEA	TRBV11-3	02
TRBV11-3*03	SGHNT	YENEEA	TRBV11-3	03
TRBV11-3*04	SGHNT	YENEEA	TRBV11-3	04
TRBV12-1*01	SGHND	FCSWTL	TRBV12-1	01
TRBV12-2*01	FGHNF	FRS*SI	TRBV12-2	01
TRBV12-3*01	SGHNS	FNNNVP	TRBV12-3	01
TRBV12-4*01	SGHDY	FNNNVP	TRBV12-4	01
TRBV12-4*02	SGHDY	FNNNVP	TRBV12-4	02
TRBV12-5*01	LGHNT	FRNRAP	TRBV12-5	01
TRBV13*01	PRHDT	FYEKMQ	TRBV13	01
TRBV13*02	PRHDT	FYEKMQ	TRBV13	02
TRBV14*01	SGHDN	FVKESK	TRBV14	01
TRBV14*02	SGHDN	FVKESK	TRBV14	02
TRBV15*01	LNHNV	YYDKDF	TRBV15	01
TRBV15*02	LNHNV	YYDKDF	TRBV15	02
TRBV15*03	LNHNV	YYNKDF	TRBV15	03
TRBV16*01	KGHSY	FQNENV	TRBV16	01
TRBV16*02	KGHS*	FQNENV	TRBV16	02
TRBV16*03	KGHSY	FQNENV	TRBV16	03
TRBV17*01	SGHMF	FQYQNI	TRBV17	01
TRBV17*02	SGHMF	FQYQNI	TRBV17	02
TRBV18*01	KGHSH	LQKENI	TRBV18	01
TRBV19*01	LNHDA	SQIVND	TRBV19	01
TRBV19*02	LNHDA	SHIVND	TRBV19	02
TRBV19*03	LNHDA	SHIVND	TRBV19	03
TRBV2*01	SNHLY	FYNNEI	TRBV2	01
TRBV2*02	SNHLY	FYNNEI	TRBV2	02
TRBV2*03	SNHLY	FYNNEI	TRBV2	03
TRBV20-1*01	DFQATT	SNEGSKA	TRBV20-1	01
TRBV20-1*02	DFQATT	SNEGSKA	TRBV20-1	02
TRBV20-1*03	DFQATT	SNEGCKA	TRBV20-1	03
TRBV20-1*04	DFQATT	SNEGSKA	TRBV20-1	04
TRBV20-1*05	DFQATT	SNEGSKA	TRBV20-1	05
TRBV20-1*06	DFQATT	SNEGSKA	TRBV20-1	06
TRBV20-1*07	DFQATT	SNEGSKA	TRBV20-1	07
TRBV20/OR9-2*01	DFQATT	SNEGSEV	TRBV20/OR9-2	01
TRBV20/OR9-2*02	DFQATT	SNEGSEV	TRBV20/OR9-2	02
TRBV20/OR9-2*03	DFQATT	SNEGSEV	TRBV20/OR9-2	03
TRBV21-1*01	KAHSY	FQNEEL	TRBV21-1	01
TRBV21-1*02	KAHSY	FQNEEL	TRBV21-1	02
TRBV21/OR9-2*01	KRHSY	FQNEEI	TRBV21/OR9-2	01
TRBV23-1*01	KGHTF	FQNEQV	TRBV23-1	01
TRBV23/OR9-2*01	NGHTF	FQNEQV	TRBV23/OR9-2	01
TRBV23/OR9-2*02	NGHTF	FQNEQV	TRBV23/OR9-2	02
TRBV24-1*01	KGHDR	SFDVKD	TRBV24-1	01
TRBV24-1*02	KGHDR	SFDVKD	TRBV24-1	02
TRBV25-1*01	MGHDK	SYGVNS	TRBV25-1	01
TRBV26*01	MNHVT	SPGTGS	TRBV26	01
TRBV26/OR9-2*01	MNHVA	SPGTGS	TRBV26/OR9-2	01
TRBV26/OR9-2*02	MNHVA	SPGTGS	TRBV26/OR9-2	02
TRBV27*01	MNHEY	SMNVEV	TRBV27	01
TRBV28*01	MDHEN	SYDVKM	TRBV28	01
TRBV29-1*01	SQVTM	ANQGSEA	TRBV29-1	01
TRBV29-1*02	SQVTM	ANQGSEA	TRBV29-1	02
TRBV29-1*03	SQVTM	ANQGSEA	TRBV29-1	03
TRBV29/OR9-2*01	SQVTM	ANQGSEA	TRBV29/OR9-2	01
TRBV29/OR9-2*02	SQVTM	ANQGSEA	TRBV29/OR9-2	02
TRBV3-1*01	LGHDT	YNNKEL	TRBV3-1	01
TRBV3-1*02	LGHDT	YNNKEI	TRBV3-1	02
TRBV3-2*01	LGHNA	YSNKEP	TRBV3-2	01
TRBV3-2*02	LGHNA	YSNKEP	TRBV3-2	02
TRBV3-2*03	LGHNA	YSNKEP	TRBV3-2	03
TRBV30*01	GTSNPN	SVGIG	TRBV30	01
TRBV30*02	GTSNPN	SVGIG	TRBV30	02
TRBV30*03	GTSNPN	SVGIG	TRBV30	03
TRBV30*04	GTSNPN	SIGID	TRBV30	04
TRBV30*05	GTSNPN	SVGIG	TRBV30	05
TRBV4-1*01	MGHRA	YSYEKL	TRBV4-1	01
TRBV4-1*02	MGHRA	YSYEKL	TRBV4-1	02
TRBV4-2*01	LGHNA	YNFKEQ	TRBV4-2	01
TRBV4-2*02	LGHNA	YNFKEQ	TRBV4-2	02
TRBV4-3*01	LGHNA	YSLEER	TRBV4-3	01
TRBV4-3*02	LGHNA	YSLEER	TRBV4-3	02
TRBV4-3*03	LGHNA	YSLEER	TRBV4-3	03
TRBV4-3*04	LGHNA	YSLEER	TRBV4-3	04
TRBV5-1*01	SGHRS	YFSETQ	TRBV5-1	01
TRBV5-1*02	SGHRS	YFSETQ	TRBV5-1	02
TRBV5-3*01	SGHSS	YANELR	TRBV5-3	01
TRBV5-3*02	SGHSS	YANELR	TRBV5-3	02
TRBV5-4*01	SGHNT	YYREEE	TRBV5-4	01
TRBV5-4*02	SGHNT	YYREEE	TRBV5-4	02
TRBV5-4*03	SGHNT	YYREEE	TRBV5-4	03
TRBV5-4*04	T	YYREEE	TRBV5-4	04
TRBV5-5*01	SGHKS	YYEKEE	TRBV5-5	01
TRBV5-5*02	SGHKS	YYEKEE	TRBV5-5	02
TRBV5-5*03	SEHKS	YYEKEE	TRBV5-5	03
TRBV5-6*01	SGHDT	YYEEEE	TRBV5-6	01
TRBV5-7*01	SGHTS	YYEKEE	TRBV5-7	01
TRBV5-8*01	SGHTS	YDEGEE	TRBV5-8	01
TRBV5-8*02	SGHTS	YDEGEE	TRBV5-8	02
TRBV6-1*01	MNHNS	SASEGT	TRBV6-1	01
TRBV6-2*01	MNHEY	SVGEGT	TRBV6-2	01
TRBV6-4*01	MRHNA	SNTAGT	TRBV6-4	01
TRBV6-4*02	MRHNA	SNTAGT	TRBV6-4	02
TRBV6-5*01	MNHEY	SVGAGI	TRBV6-5	01
TRBV6-6*01	MNHNY	SVGAGI	TRBV6-6	01
TRBV6-6*02	MNHNY	SVGAGI	TRBV6-6	02
TRBV6-6*03	MNHNY	SVGAGI	TRBV6-6	03
TRBV6-6*04	MNHEY	SVGAGI	TRBV6-6	04
TRBV6-6*05	MNHNY	SVGAGI	TRBV6-6	05
TRBV6-7*01	MNHEY	SVAAAL	TRBV6-7	01
TRBV6-8*01	MNHGY	SAAAGT	TRBV6-8	01
TRBV6-9*01	MNHGY	SVAAGI	TRBV6-9	01
TRBV7-1*01	SGHNA	FQGKDA	TRBV7-1	01
TRBV7-2*01	SGHTA	FQGNSA	TRBV7-2	01
TRBV7-2*02	SGHTA	FQGNSA	TRBV7-2	02
TRBV7-2*03	SGHTA	FQGNSA	TRBV7-2	03
TRBV7-2*04	SGHTA	FQGNSA	TRBV7-2	04
TRBV7-3*01	SGHTA	FQGTGA	TRBV7-3	01
TRBV7-3*02	SGHTA	FQGTGA	TRBV7-3	02
TRBV7-3*03	SGHTA	FQGTGA	TRBV7-3	03
TRBV7-3*04	SGHTA	FQGTGA	TRBV7-3	04
TRBV7-3*05	SGHTA	FQGTGA	TRBV7-3	05
TRBV7-4*01	SGHVT	SQSDAQ	TRBV7-4	01
TRBV7-6*01	SGHVS	FNYEAQ	TRBV7-6	01
TRBV7-6*02	SGHVS	FNYEAQ	TRBV7-6	02
TRBV7-7*01	SSHAT	FNYEAQ	TRBV7-7	01
TRBV7-7*02	SSHVT	FNYEAQ	TRBV7-7	02
TRBV7-8*01	SGHVS	FQNEAQ	TRBV7-8	01
TRBV7-8*02	SGHVS	FQNEAQ	TRBV7-8	02
TRBV7-8*03	SGHVS	FQNEAQ	TRBV7-8	03
TRBV7-9*01	SEHNR	FQNEAQ	TRBV7-9	01
TRBV7-9*02	SEHNR	FQNEAQ	TRBV7-9	02
TRBV7-9*03	SEHNR	FQNEAQ	TRBV7-9	03
TRBV7-9*04	SEHNR	FQNEAQ	TRBV7-9	04
TRBV7-9*05	SEHNR	FQNEAQ	TRBV7-9	05
TRBV7-9*06	SEHNR	FQNEAQ	TRBV7-9	06
TRBV7-9*07	HNR	FQNEAQ	TRBV7-9	07
TRBV9*01	SGDLS	YYNGEE	TRBV9	01
TRBV9*02	SGDLS	YYNGEE	TRBV9	02
TRBV9*03	SGDLS	YYNGEE	TRBV9	03
